{"accuracy": [0.8784323334693909, 0.8829256296157837, 0.8881677389144897, 0.8909136056900024, 0.8895406723022461, 0.8925362229347229, 0.8942835927009583, 0.8952820897102356, 0.8962805867195129, 0.8956565260887146, 0.8955317139625549, 0.8969046473503113, 0.899276077747345, 0.8959061503410339, 0.8975287079811096, 0.9002745747566223, 0.9008986353874207, 0.9002745747566223, 0.9038941860198975, 0.89740389585495], "loss": [0.3571329414844513, 0.3119521737098694, 0.29834985733032227, 0.2841578722000122, 0.2848179340362549, 0.27863869071006775, 0.2793605923652649, 0.274663507938385, 0.2691068649291992, 0.270652174949646, 0.267645001411438, 0.26654288172721863, 0.26926761865615845, 0.25923314690589905, 0.25620150566101074, 0.26098209619522095, 0.26031190156936646, 0.25699949264526367, 0.25484663248062134, 0.26019006967544556], "val_accuracy": [0.8966550230979919, 0.8966550230979919, 0.8986520171165466, 0.9001497626304626, 0.8971542716026306, 0.8971542716026306, 0.8971542716026306, 0.8991512656211853, 0.8976535201072693, 0.8921617865562439, 0.90114825963974, 0.8986520171165466, 0.8971542716026306, 0.8966550230979919, 0.898152768611908, 0.8976535201072693, 0.9006490111351013, 0.9016475081443787, 0.9036445617675781, 0.90114825963974], "val_loss": [0.2773575186729431, 0.27347809076309204, 0.26628345251083374, 0.26041069626808167, 0.2685898244380951, 0.25791123509407043, 0.25838109850883484, 0.25555434823036194, 0.2642810642719269, 0.271060049533844, 0.25220787525177, 0.25781524181365967, 0.2596784234046936, 0.26685068011283875, 0.26325544714927673, 0.26182255148887634, 0.254165917634964, 0.25696149468421936, 0.25512242317199707, 0.25741949677467346], "learning_rate": [9.999999747378752e-05, 9.999999747378752e-05, 9.999999747378752e-05, 9.999999747378752e-05, 9.999999747378752e-05, 9.999999747378752e-05, 9.999999747378752e-05, 9.999999747378752e-05, 9.999999747378752e-05, 9.999999747378752e-05, 9.999999747378752e-05, 9.999999747378752e-05, 9.999999747378752e-05, 9.999999747378752e-05, 4.999999873689376e-05, 4.999999873689376e-05, 4.999999873689376e-05, 2.499999936844688e-05, 2.499999936844688e-05, 2.499999936844688e-05]}