{"accuracy": [0.993538498878479, 1.0, 1.0, 1.0], "loss": [0.01293871458619833, 2.7556185159482993e-05, 8.932694072427694e-06, 4.760937372338958e-06], "val_accuracy": [1.0, 1.0, 1.0, 1.0], "val_loss": [5.4685653594788164e-05, 1.3705432138522156e-05, 5.708988283004146e-06, 3.8800458241894376e-06], "learning_rate": [9.999999747378752e-05, 9.999999747378752e-05, 9.999999747378752e-05, 4.999999873689376e-05]}