{"accuracy": [0.9998299479484558, 1.0, 1.0, 1.0], "loss": [0.0009210414718836546, 1.0466660871344402e-09, 1.0301967057202432e-09, 1.0142893192011115e-09], "val_accuracy": [1.0, 1.0, 1.0, 1.0], "val_loss": [1.434539292910486e-10, 1.4196778475028538e-10, 1.3976379775737513e-10, 1.3846228330560706e-10], "learning_rate": [9.999999747378752e-05, 9.999999747378752e-05, 9.999999747378752e-05, 4.999999873689376e-05]}